{
  "project_info": {
    "project_number": "812388350150",
    "project_id": "plantapp-d9893",
    "storage_bucket": "plantapp-d9893.firebasestorage.app"
  },
  "client": [
    {
      "client_info": {
        "mobilesdk_app_id": "1:812388350150:android:8dfcbf9f83121be8cb3fc7",
        "android_client_info": {
          "package_name": "com.agriculture.ricedisease"
        }
      },
      "oauth_client": [],
      "api_key": [
        {
          "current_key": "AIzaSyBLZWva9kjMNDfHPxTUO_Z6gg7IQ92PjfQ"
        }
      ],
      "services": {
        "appinvite_service": {
          "other_platform_oauth_client": []
        }
      }
    },
    {
      "client_info": {
        "mobilesdk_app_id": "1:812388350150:android:225a4164a182b749cb3fc7",
        "android_client_info": {
          "package_name": "com.example.rice"
        }
      },
      "oauth_client": [],
      "api_key": [
        {
          "current_key": "AIzaSyBLZWva9kjMNDfHPxTUO_Z6gg7IQ92PjfQ"
        }
      ],
      "services": {
        "appinvite_service": {
          "other_platform_oauth_client": []
        }
      }
    }
  ],
  "configuration_version": "1"
}